{
  "taksim_morning": {
    "baseline": {
      "profile": "taksim_morning",
      "mode": "fixed_time",
      "n_trips": 1206,
      "avg_waiting_time_s": 1319.922056384743,
      "avg_travel_time_s": 1536.9129353233832,
      "avg_time_loss_s": 1388.5446019900498,
      "total_co2_mg": 4433839044.659934,
      "avg_co2_per_veh_mg": 1535.4797508304268,
      "throughput": 1206,
      "avg_speed_ms": 0.33928263589601
    },
    "dqn": {
      "profile": "taksim_morning",
      "mode": "dqn_adaptive",
      "n_trips": 0,
      "avg_waiting_time_s": 99.18207762557077,
      "avg_travel_time_s": 0.0,
      "avg_time_loss_s": 0.0,
      "total_co2_mg": 436433020.8836123,
      "avg_co2_per_veh_mg": 0.0,
      "throughput": 116,
      "avg_speed_ms": 0.0
    },
    "improvements": {
      "avg_wait_pct": 92.48576253834034,
      "avg_travel_pct": 100.0,
      "time_loss_pct": 99.99999999999999,
      "total_co2_pct": 90.15676896505192,
      "throughput_delta": -1090
    },
    "kpi_wait_pass": true,
    "kpi_co2_pass": true,
    "random_policy": false
  }
}