{
  "profiles": {
    "morning_rush": {
      "fixed_wait_s": 41.51661057427054,
      "dqn_wait_s": 45.00525262897714,
      "wait_improvement": -8.4,
      "fixed_co2_mg": 306.95004937690635,
      "dqn_co2_mg": 132.77725080619174,
      "co2_improvement": 56.74
    },
    "evening_rush": {
      "fixed_wait_s": 47.028413777771746,
      "dqn_wait_s": 46.95642364903127,
      "wait_improvement": 0.15,
      "fixed_co2_mg": 261.3901923996369,
      "dqn_co2_mg": 77.59492406218676,
      "co2_improvement": 70.31
    },
    "midday": {
      "fixed_wait_s": 56.06377164897037,
      "dqn_wait_s": 63.202654262204014,
      "wait_improvement": -12.73,
      "fixed_co2_mg": 313.4865554409261,
      "dqn_co2_mg": 126.42948401784454,
      "co2_improvement": 59.67
    },
    "night": {
      "fixed_wait_s": 8.25346817860505,
      "dqn_wait_s": 7.231696078403601,
      "wait_improvement": 12.38,
      "fixed_co2_mg": 84.50226885624961,
      "dqn_co2_mg": 14.295340604217145,
      "co2_improvement": 83.08
    }
  },
  "overall": {
    "fixed_wait_s": 38.21556604490443,
    "dqn_wait_s": 40.599006654654005,
    "wait_improvement": -6.24,
    "fixed_co2_mg": 241.58226651842978,
    "dqn_co2_mg": 87.77424987261006,
    "co2_improvement": 63.67
  },
  "avg_wait_fixed": 38.21556604490443,
  "avg_wait_dqn": 40.599006654654005,
  "improvement_pct": -6.24,
  "co2_improvement_pct": 63.67
}