{
  "episodes": 50,
  "profiles": [
    "morning_rush",
    "evening_rush",
    "midday",
    "night"
  ],
  "final_epsilon": 0.022484056604832877,
  "best_avg_reward": -6.088806430224388,
  "episode_rewards": [
    -12.333333333333337,
    -15.289156626506017,
    -3.6181818181818253,
    -1.166666666666659,
    -2.2792207792207657,
    -30.48113207547168,
    -1.901960784313732,
    -64.16666666666666,
    -9.892086330935253,
    -6.845238095238091,
    -2.1142857142857214,
    -2.6645352591003757e-15,
    -4.379084967320258,
    -6.020833333333333,
    -6.051282051282047,
    -1.2499999999999822,
    -19.614634146341466,
    -7.96341463414636,
    -19.525,
    5.329070518200751e-15,
    -12.127819548872173,
    -8.977272727272732,
    -16.999999999999986,
    -1.1052631578947398,
    -4.6836734693877595,
    -8.943548387096765,
    -7.707317073170737,
    3.552713678800501e-15,
    -8.721052631578955,
    -10.499999999999996,
    -4.121212121212119,
    -6.499999999999999,
    -21.946236559139784,
    -3.54901960784314,
    -4.7499999999999964,
    -2.818181818181816,
    -8.261904761904766,
    -6.641509433962266,
    -1.833333333333334,
    -0.466666666666665,
    -14.406091370558368,
    -24.571428571428573,
    -2.9999999999999956,
    -5.0,
    -7.335195530726261,
    -3.841269841269843,
    -0.9444444444444517,
    1.7763568394002505e-15,
    -18.580645161290324,
    -2.95
  ],
  "episode_waits": [
    17.24968704000739,
    10.442752065186635,
    9.823963442346598,
    9.052124391218689,
    12.290358580651397,
    12.040538922633239,
    13.257430042933018,
    10.487145493178371,
    9.506325516968053,
    8.218510907656752,
    6.729910831618872,
    7.392507948005173,
    11.489718626660931,
    7.103908214469308,
    5.86450389200259,
    10.720843029755962,
    9.50742721496422,
    8.021704681342579,
    6.131616287288584,
    3.9191558242286253,
    9.040483206154514,
    8.430787341598394,
    9.356034659801528,
    10.420756681256966,
    8.640845657234676,
    10.79578987767805,
    4.85787061965361,
    3.5843174428393287,
    19.1884656191832,
    5.7354172589246835,
    5.279094020754231,
    5.106928573887553,
    13.003781879588324,
    5.058698983334649,
    5.521713515760352,
    4.343899899541025,
    7.942684247804515,
    5.498772691577907,
    5.175585383043383,
    4.444620871142685,
    11.462725576448028,
    5.712983399338076,
    4.6189649926512955,
    3.3406474024241457,
    7.318271450300203,
    5.585751880639699,
    4.790755977392392,
    2.819246660395592,
    10.743299339117895,
    5.235775491850229
  ],
  "episode_co2": [
    284.38368347080416,
    165.38846130013135,
    159.10410426820064,
    129.16100908614368,
    240.25125777929497,
    181.69224778037722,
    176.37313979646368,
    131.94352323039655,
    244.73360493324031,
    161.12716244644506,
    170.41765792146978,
    101.29735513279371,
    233.3472630208599,
    163.2093134769219,
    149.7202605815538,
    123.38155362229348,
    236.28907928032737,
    184.07687163126752,
    155.800662237625,
    99.49905712878525,
    210.3590577257102,
    148.95542040795758,
    140.22257285292952,
    96.33140202124082,
    190.58070968851783,
    167.38340188957463,
    164.1305867401701,
    111.5551413920155,
    267.5859641847442,
    170.58131383039014,
    169.06710980068388,
    104.7074959608527,
    215.01587719898302,
    152.89248552894506,
    166.73928085721877,
    103.23283040470537,
    218.21393608398185,
    153.83739986275174,
    148.9531687556477,
    109.82523777291688,
    260.4126656913201,
    173.5705331240495,
    168.19514123413066,
    118.89253375851995,
    256.622868807447,
    165.98834654326595,
    161.83056409851486,
    90.82781730328577,
    231.39118122447852,
    172.69525055654117
  ],
  "avg_wait_first10": 11.236883640278013,
  "avg_wait_last10": 6.162842217055756,
  "improvement_pct": 45.15523685797212,
  "avg_co2_first10": 187.41581940914975,
  "avg_co2_last10": 180.04269023415534,
  "co2_improvement_pct": 3.9341018267503,
  "avg_wait_fixed": 11.236883640278013,
  "avg_wait_dqn": 6.162842217055756
}