{
  "episodes": 50,
  "profiles": [
    "morning_rush",
    "evening_rush",
    "midday",
    "night"
  ],
  "final_epsilon": 0.009995187929535779,
  "best_avg_reward": -691.9475881568411,
  "episode_rewards": [
    -881.9238211382109,
    -1542.1584210526325,
    -871.3718773946364,
    -12.529999999999937,
    -924.2292490118575,
    -1529.2116666666661,
    -873.1729370629364,
    -4.85,
    -908.2037404580157,
    -1446.2237349397572,
    -912.1911278195487,
    -4.399999999999999,
    -821.9742424242428,
    -1385.5181818181816,
    -788.3223741007195,
    -5.289999999999999,
    -1019.5000429184563,
    -1711.587881619939,
    -931.6120504731856,
    -4.86999999999999,
    -788.5614516129039,
    -1304.276480836236,
    -808.1428252788098,
    -4.799999999999983,
    -772.3717670682734,
    -1515.8809677419354,
    -856.5192592592593,
    -5.099999999999994,
    -858.9531297709923,
    -1434.985804195804,
    -890.7659778597787,
    -4.830000000000009,
    -824.4945161290323,
    -1343.8564419475663,
    -882.1870099667774,
    -5.039999999999992,
    -851.9533812949633,
    -1407.1389298892982,
    -867.6625301204818,
    -6.8100000000000165,
    -915.4995238095238,
    -1469.4428975265023,
    -908.3291366906474,
    -9.079999999999972,
    -927.2844032921804,
    -1384.7789619377168,
    -885.467857142858,
    -4.38999999999999,
    -839.6210606060612,
    -1444.4563117870723
  ],
  "episode_waits": [
    46.41108519974951,
    47.340222244698765,
    62.80000343539554,
    17.548083841950852,
    44.430935903041586,
    48.75706819751903,
    58.55717598806793,
    4.791199941199568,
    44.91297931945095,
    48.03430210833535,
    66.066665495083,
    4.102377952982239,
    44.05125813687834,
    48.48523225551175,
    62.18763493767961,
    7.101718853214824,
    46.49508844669985,
    48.810320931135955,
    67.22689206143542,
    5.039994018439849,
    47.483127651259565,
    49.42002666867682,
    65.0349672628044,
    4.198141839286609,
    47.25623585555291,
    46.7790246389045,
    57.489580531230956,
    5.014173110700585,
    46.392251822271916,
    45.71341873826532,
    62.89320594311933,
    4.913178492760537,
    44.740084231677486,
    45.79296892927307,
    60.24012974016756,
    3.3542116881061466,
    44.90383318696269,
    46.30389412077036,
    62.80039944762097,
    11.119620633779357,
    42.735325812185,
    44.06170460453362,
    57.82307023882489,
    8.589444164378518,
    43.88157984792765,
    48.8516945870123,
    59.554223871177335,
    3.4476958762127103,
    46.46774830892961,
    46.81274036887595
  ],
  "episode_co2": [
    131.1657235907868,
    77.71721691336423,
    122.52611287453634,
    18.336653932114103,
    132.20787191137646,
    86.25544566731166,
    124.78474190034771,
    18.79766443390184,
    124.9352580835135,
    80.68363433287348,
    132.95345396993045,
    14.246124330188348,
    125.21863529057661,
    78.97877156333436,
    121.19150508388074,
    12.630039797825994,
    135.17548629093278,
    76.48796391266795,
    135.54614061219402,
    18.926076306938143,
    130.93768481896396,
    79.78075951287624,
    128.039243772654,
    15.978182652070377,
    137.5236310181592,
    78.33881978646806,
    120.46579674157056,
    15.021640682673775,
    130.27749603478156,
    73.86334456079196,
    133.75108893330795,
    16.351622769851858,
    126.63591886695308,
    81.28470125935947,
    136.39365332038318,
    13.052593375659045,
    134.65337993513253,
    77.44184625102244,
    134.27028758756734,
    17.202197344419517,
    128.0803113780896,
    76.56051167219668,
    124.63669446501476,
    18.46950944752451,
    130.15301398440874,
    77.2200690320469,
    127.48763493183235,
    15.074821773268779,
    128.72746925522847,
    77.8697908314646
  ],
  "avg_wait_first10": 42.3583056179409,
  "avg_wait_last10": 40.22252276800576,
  "improvement_pct": 5.042181972997822,
  "avg_co2_first10": 91.74103236401261,
  "avg_co2_last10": 90.42798267710754,
  "co2_improvement_pct": 1.431256715855474,
  "avg_wait_fixed": 42.3583056179409,
  "avg_wait_dqn": 40.22252276800576
}