{
  "mAP@0.5": 0.429903,
  "mAP@0.5:0.95": 0.310385,
  "precision": 0.863406,
  "recall": 0.337924,
  "avg_inference_ms": 91.533,
  "std_inference_ms": 38.932,
  "fps": 10.93,
  "per_class_ap": {
    "car": 0.3003,
    "bus": 0.7807,
    "truck": 0.4687,
    "motorcycle": 0.0256,
    "taxi": 0.2882,
    "microbus": 0.2679,
    "bicycle": 0.0412
  },
  "num_test_images": 180
}