{
  "mAP@0.5": 0.469986,
  "mAP@0.5:0.95": 0.342951,
  "precision": 0.93699,
  "recall": 0.372978,
  "avg_inference_ms": 141.217,
  "std_inference_ms": 109.342,
  "fps": 7.08,
  "per_class_ap": {
    "car": 0.3182,
    "bus": 0.7988,
    "truck": 0.5005,
    "motorcycle": 0.1044,
    "taxi": 0.3098,
    "microbus": 0.2812,
    "bicycle": 0.0876
  },
  "num_test_images": 180
}