{
  "mAP@0.5": 0.468371,
  "mAP@0.5:0.95": 0.340196,
  "precision": 0.944952,
  "recall": 0.371142,
  "avg_inference_ms": 107.489,
  "std_inference_ms": 37.995,
  "fps": 9.3,
  "per_class_ap": {
    "car": 0.3159,
    "bus": 0.7966,
    "truck": 0.488,
    "motorcycle": 0.1031,
    "taxi": 0.3164,
    "microbus": 0.2752,
    "bicycle": 0.0862
  },
  "num_test_images": 180
}